id;nombre;estado;uso
1;Tácticas;invoice;Cuesta Configurable cross-platform
2;Personal Programable Programa;bandwidth bypass;Acero Canarias TCP
3;multi-byte mano Savings;Guapo Plástico al;programming Diseñador Verde
4;Asistente radical Marca;direccional;transform 1080p payment
5;Money;Loan;overriding
6;matrix;Programa;Central Castilla-La Relacciones
7;heurística Oficial;Acero Decoración;users Directo
8;cutting-edge parse cutting-edge;compress;partnerships deposit
9;proactive Timor-Leste;XML Métricas;Datos Distrito
10;Arroyo sensor Interno;methodologies PCI AGP;Eritrea communities Borders
